weekday_kr,avg_likes
월,5221.9503546099295
화,5729.239436619719
수,6301.007246376812
목,5741.92700729927
금,5253.3125
토,4775.3087248322145
일,4582.48322147651
