weekday_kr,avg_likes
월,4148.836879432624
화,4720.654929577465
수,4719.31884057971
목,4614.299270072993
금,4522.347222222223
토,4016.5838926174497
일,3960.6845637583892
