weekday_kr,avg_likes
월,1797.5688405797102
화,1708.2779922779923
수,1940.252
목,1716.6037735849056
금,1997.25
토,1765.7340067340067
일,1852.13074204947
